arr_sz,avg_insertion_sort_time(ns),avg_selection_sort_time(ns),avg_merge_sort_time(ns),avg_quick_sort_time(ns)
1000,316810.500000,566865.900000,73507.600000,54622.400000
2000,1246345.200000,2212171.900000,150722.100000,119495.600000
3000,2777488.800000,4938593.900000,231535.000000,194026.200000
4000,5167666.300000,8700521.500000,315928.600000,277454.100000
5000,8118144.000000,13565327.800000,402542.300000,368952.400000
6000,10745202.800000,17808513.600000,442377.400000,412206.500000
7000,14713539.200000,24271015.200000,527873.400000,516796.000000
